id,fips,ctype,cname,employment,agri_emp,mining_emp,manuf_emp,govt_emp,regl_serv_emp,ib_emp,tourism_emp,total_lrs_emp,commuter_emp,other_hhd_emp,retiree_emp,other_inc_emp,wrkr_lrs_emp,total_basic_emp,resorts_emp,second_home_emp,tour_serv_emp,trans_emp,ag_proc_emp,ag_inputs_emp,ag_prod_emp,ag_proc_trade_emp,natl_comm_emp,natl_const_emp,natl_fire_emp,natl_trade_emp,natl_bus_emp,natl_ed_emp,direct_basic_emp
1,003,1,Alamosa ,10510,1078,20,89,1453,2070,761,802,4233,-730,263,836,200,3664,6841,530,34,210,27,17,276,612,172,2,224,21,290,12,1509,6080
2,007,3,Archuleta ,6776,505,22,54,126,759,809,1527,2975,34,322,1049,382,1187,5589,660,615,221,31,60,82,333,30,2,77,13,24,28,613,4781
3,009,1,Baca ,2156,830,7,0,81,398,139,9,692,17,59,361,69,186,1970,6,0,0,2,0,105,662,63,0,14,5,7,89,283,1831
4,011,1,Bent ,1681,472,0,0,318,194,51,15,631,-13,95,367,70,112,1569,12,0,2,1,2,40,424,6,0,14,4,5,12,159,1518
5,015,3,Chaffee ,11148,561,15,161,694,1327,996,2663,4731,6,181,2172,321,2051,9097,1987,379,214,82,110,118,222,110,3,56,23,237,226,780,8101
6,017,1,Cheyenne ,1288,549,66,16,21,140,112,11,373,-6,33,103,57,186,1102,8,0,0,3,0,120,390,39,0,12,12,3,0,112,990
7,019,3,Clear Creek ,4222,47,439,29,171,306,233,1286,1697,246,157,599,290,404,3804,944,164,127,48,19,14,13,1,3,18,1,38,92,154,3571
8,021,1,Conejos ,2715,753,20,30,62,260,212,184,1191,477,175,450,90,0,2712,106,24,46,7,7,78,573,95,0,16,1,7,12,223,2500
9,023,1,Costilla ,1335,381,0,55,34,90,95,64,615,86,119,290,54,67,1268,31,22,5,7,0,66,225,90,0,12,0,5,1,72,1173
10,025,1,Crowley ,1503,326,0,0,609,109,44,4,411,-186,84,264,42,207,1297,2,0,2,0,0,20,303,2,0,14,4,13,9,69,1253
11,027,1,Custer ,1825,301,4,29,22,197,138,282,836,147,86,715,97,-209,2019,120,147,13,3,6,45,244,7,2,0,0,12,14,170,1882
12,029,1,Delta ,13112,1758,135,230,434,1899,1096,640,6921,562,732,2459,601,2567,10545,485,78,63,13,163,306,1186,102,40,93,37,105,87,1533,9449
13,033,1,Dolores ,906,259,25,30,44,94,72,59,324,108,57,150,49,-40,947,46,10,1,2,0,17,206,36,3,24,0,1,1,65,874
14,037,3,Eagle ,42278,696,62,258,1227,3787,6763,18229,11251,641,527,2376,3202,4506,37767,11855,4084,2093,197,176,128,224,167,150,173,196,448,696,2123,31005
15,039,3,Elbert ,8176,1291,23,127,89,1069,1184,232,4159,3555,452,1132,562,-1542,9715,215,0,15,2,38,256,937,60,17,670,30,74,74,204,8531
16,041,3,El Paso,379586,3808,213,10040,56237,59254,61163,17087,171783,3012,13732,27747,13797,113495,266091,12943,1752,1472,921,930,584,993,1302,2204,3298,4014,6273,19903,23144,204927
17,043,3,Fremont ,17754,809,53,445,3624,1841,1817,1556,7608,50,659,3562,410,2927,14827,884,94,477,102,51,100,549,108,10,168,29,180,113,1338,13010
18,045,3,Garfield ,34394,1423,1156,389,2692,6442,4269,4198,13824,23,581,5089,2159,5972,28422,2672,1098,311,116,71,152,778,422,33,2532,134,422,492,2827,24153
19,047,3,Gilpin ,5535,51,0,7,43,199,257,4552,424,-719,96,275,124,648,4886,4424,91,34,3,0,15,19,17,1,0,1,29,82,85,4628
20,049,3,Grand ,10181,375,9,103,197,625,1117,4385,3369,195,290,551,653,1682,8499,3001,955,365,64,28,74,257,16,7,0,23,44,68,483,7382
21,051,3,Gunnison ,12149,568,361,84,1367,1146,1400,3424,3799,-338,167,1520,520,1929,10220,1997,864,444,108,79,65,380,43,25,34,20,48,261,756,8820
22,053,3,Hinsdale ,419,17,6,0,9,26,53,121,187,7,18,127,40,-5,424,54,43,23,2,0,2,15,0,1,0,0,2,11,12,371
23,055,1,Huerfano ,2623,324,2,67,69,433,148,158,1418,126,137,695,93,367,2250,87,40,9,22,5,30,270,18,3,34,2,10,38,346,2103
24,057,1,Jackson ,853,235,15,17,56,44,78,87,321,38,46,58,62,118,735,59,20,2,6,0,56,163,15,0,16,1,0,0,27,658
25,061,1,Kiowa ,1098,588,0,0,27,130,67,17,268,10,16,149,31,62,1036,15,0,0,2,0,129,446,13,0,11,0,10,0,109,970
26,063,1,Kit Carson ,4201,1401,19,59,85,349,413,184,1688,-102,151,405,207,1026,3172,160,0,6,17,47,418,802,134,9,24,0,8,10,298,2759
27,065,3,Lake ,3108,24,397,49,99,372,227,410,1531,276,54,466,69,666,2442,312,39,52,6,0,0,22,2,2,112,3,9,27,219,2215
28,067,3,La Plata ,35158,1613,707,262,2472,4376,4323,6358,15046,-208,664,3635,1570,9385,25773,3389,1411,1352,207,425,248,753,187,102,292,130,388,1153,2305,21451
29,069,3,Larimer ,209098,7429,497,9904,26163,30215,21188,12689,101100,5205,4972,16595,8638,65691,143493,9778,1134,1268,509,2497,1599,1866,1468,1078,3390,948,3849,9360,11399,122305
30,071,1,Las Animas ,6781,639,260,68,659,986,488,509,3172,-93,270,1315,167,1514,5267,342,41,97,29,0,83,529,27,1,105,15,74,11,780,4779
31,073,1,Lincoln ,3187,575,0,0,449,351,270,300,1240,-380,103,225,107,1185,2001,167,0,2,131,2,96,458,19,1,18,15,16,0,299,1730
32,075,1,Logan ,10757,1736,241,164,1372,1495,984,302,4462,431,249,1392,323,2067,8689,277,4,8,13,56,351,1033,276,1,156,43,253,18,1023,7705
33,077,3,Mesa ,80118,3563,2583,2423,4225,12572,9980,4384,40658,1795,2635,7689,2410,26131,54258,2921,495,374,594,427,538,2105,492,80,1955,366,1854,1002,7305,44278
34,079,3,Mineral ,753,15,4,0,12,15,43,411,252,-16,20,156,44,48,705,330,56,22,2,0,7,8,0,0,0,0,1,6,8,662
35,081,1,Moffat ,6270,600,489,30,350,1108,411,331,2950,38,206,593,181,1932,4338,284,24,21,3,38,204,285,73,9,97,5,307,78,612,3927
36,083,3,Montezuma ,12824,1185,219,262,485,2040,812,1504,6316,692,610,1766,630,2618,10206,839,216,324,125,74,192,789,130,7,402,20,77,331,1202,9394
37,085,3,Montrose ,20817,1938,70,693,581,3451,1938,1622,10525,139,748,2679,679,6280,14537,920,333,196,173,577,408,866,87,32,593,26,346,215,2237,12599
38,087,1,Morgan ,15574,5158,407,132,448,1490,1422,231,6286,368,337,1482,312,3786,11787,201,0,21,9,2867,494,1323,474,6,191,61,218,7,995,10365
39,089,1,Otero ,8019,1048,0,294,708,1220,787,157,3805,14,406,1365,216,1804,6215,141,0,5,12,83,197,517,250,24,43,26,88,17,1018,5428
40,091,3,Ouray ,2976,195,32,54,93,162,417,896,1127,188,71,553,177,138,2838,564,200,124,9,44,23,109,19,7,11,11,10,27,97,2421
41,093,3,Park ,4916,307,10,52,141,412,696,721,2578,1449,411,982,451,-715,5631,257,422,27,15,23,71,193,20,4,189,3,49,26,141,4935
42,095,1,Phillips ,2503,848,12,2,32,365,249,80,915,-58,48,298,70,558,1945,80,0,0,0,5,244,491,109,1,19,13,44,3,285,1697
43,097,3,Pitkin ,21100,262,23,58,402,1875,2484,10545,5450,-1720,231,2486,3512,942,20158,7342,1999,964,240,43,71,121,27,36,0,58,94,484,1202,17674
44,099,1,Prowers ,5670,1039,112,153,354,793,520,174,2521,54,180,828,152,1307,4360,136,0,0,38,86,244,637,72,2,112,31,140,10,498,3840
45,101,3,Pueblo ,74201,2071,19,2776,6226,15212,4507,2664,40726,-40,2346,10161,1330,26929,47271,1995,253,295,121,327,365,870,508,24,1748,86,2208,2566,8564,42764
46,103,3,Rio Blanco ,3725,415,480,36,357,415,233,252,1537,-20,88,342,119,1009,2716,186,31,18,17,0,66,285,63,0,56,4,23,7,324,2483
47,105,1,Rio Grande ,5657,1769,11,54,315,558,499,341,2109,224,270,892,203,521,5136,182,62,69,28,124,989,511,145,2,46,4,59,2,444,4637
48,107,3,Routt ,20369,962,414,124,926,2074,2329,6971,6569,-125,259,3507,1547,1381,18988,3814,2361,593,202,29,137,682,114,12,44,91,503,477,945,16659
49,109,1,Saguache ,2668,957,1,17,63,163,233,157,1078,134,119,469,115,240,2427,106,37,6,8,16,438,446,56,1,14,1,1,4,141,2195
50,111,3,San Juan ,417,0,0,2,10,36,18,193,158,20,11,49,20,58,359,123,31,36,4,0,0,0,0,0,7,0,0,14,15,342
51,113,3,San Miguel ,7540,181,43,39,106,355,1043,3903,1871,-185,60,1099,411,487,7053,2587,930,346,39,58,19,101,4,2,0,24,10,12,305,6010
52,115,1,Sedgwick ,1248,486,4,6,25,159,85,18,456,119,44,197,40,56,1185,15,0,3,1,27,46,365,48,0,15,1,10,0,133,1099
53,117,3,Summit ,26974,308,1,83,508,1961,3755,13269,7088,-302,347,1267,1670,4105,22869,8881,2347,1850,187,148,77,63,20,10,3,109,184,402,1250,19114
54,119,3,Teller ,10679,221,604,77,301,976,947,2941,4612,1404,728,1524,681,275,10404,2165,511,224,41,49,53,117,2,9,0,6,177,216,567,9457
55,121,1,Washington ,2421,1079,76,1,50,190,199,3,824,244,64,339,75,102,2319,3,0,0,0,54,118,852,55,1,27,0,61,0,101,2121
56,123,3,Weld ,142067,17839,9006,4741,6138,15793,12771,4932,70848,15610,3673,8418,3876,39271,102797,2845,980,686,422,5371,2580,5360,3609,153,3035,903,2191,3512,5984,90026
57,125,1,Yuma ,6403,2389,140,35,105,725,634,76,2297,-107,117,770,187,1330,5071,76,0,0,0,10,742,1534,102,3,190,0,52,24,455,4437
58,500,3,Denver-Boulder MSA,2056709,46632,13085,56011,119232,472070,219462,100191,1030026,-21704,31941,129845,65805,824140,1232570,58309,11868,17481,12533,17677,4430,3873,20653,17961,28971,48756,54522,192499,116604,1013108
